Date,Time,open,close,high,low,open_day,close_day,high_day,low_day,rsi_daily,volume_daily,ATR_daily,AvgATR_50,slowK,slowD
1191018,2300,85.52,84.95999999999999,87.04000000000001,84.12,85.52,84.95999999999999,87.04000000000001,84.12,39.77,8151940.00,2.92,5.60,4.48,4.48
1191021,2300,84.0,82.72,84.31999999999999,82.64,84.0,82.72,84.31999999999999,82.64,37.90,4683554.00,2.32,5.53,3.05,4.00
1191022,2300,82.31999999999999,84.04000000000001,84.12,81.68000000000001,82.31999999999999,84.04000000000001,84.12,81.68000000000001,39.70,5092311.00,2.44,5.41,4.60,4.04
1191023,2300,84.59999999999999,83.0,84.68000000000001,82.94,84.59999999999999,83.0,84.68000000000001,82.94,38.75,4443581.00,1.74,5.23,4.96,4.20
1191024,2300,82.28,81.84,83.8,81.68000000000001,82.28,81.84,83.8,81.68000000000001,37.66,6305773.00,2.12,4.97,5.22,4.92
1191025,2300,82.28,79.16,82.40000000000001,79.12,82.28,79.16,82.40000000000001,79.12,35.21,6531709.00,3.28,4.91,2.09,4.09
1191028,2300,78.84,79.92,80.2,78.59999999999999,78.84,79.92,80.2,78.59999999999999,36.47,6659731.00,1.60,4.81,2.05,3.12
1191029,2300,80.68000000000001,79.84,81.08,79.34,80.68000000000001,79.84,81.08,79.34,36.39,5843873.00,1.74,4.67,3.53,2.56
1191030,2300,79.88,77.88,81.81999999999999,77.73999999999999,79.88,77.88,81.81999999999999,77.73999999999999,34.39,9732202.00,4.08,4.68,4.14,3.24
1191031,2300,78.72,79.0,80.8,78.16,78.72,79.0,80.8,78.16,36.54,7604565.00,2.92,4.64,4.78,4.15
1191101,2300,76.64,75.48,77.08,75.36,76.64,75.48,77.08,75.36,32.89,8127551.00,3.64,4.60,3.42,4.11
1191104,2300,74.44,75.59999999999999,76.23999999999999,74.18000000000001,74.44,75.59999999999999,76.23999999999999,74.18000000000001,33.14,5798465.00,2.06,4.32,6.95,5.05
1191105,2300,76.0,77.16,77.31999999999999,75.8,76.0,77.16,77.31999999999999,75.8,36.39,5722899.00,1.72,4.23,11.76,7.38
1191106,2300,77.04000000000001,76.88,78.43000000000001,76.64,77.04000000000001,76.88,78.43000000000001,76.64,36.05,7164939.00,1.79,4.12,18.18,12.30
1191107,2300,75.31999999999999,76.16,76.76000000000001,75.2,75.31999999999999,76.16,76.76000000000001,75.2,35.14,7872875.00,1.68,4.01,21.15,17.03
1191108,2300,76.36,74.56,77.12,74.5,76.36,74.56,77.12,74.5,33.15,6916446.00,2.62,3.95,14.94,18.09
1191111,2300,76.18000000000001,74.28,76.31999999999999,73.59999999999999,76.18000000000001,74.28,76.31999999999999,73.59999999999999,32.80,5801909.00,2.72,3.90,9.48,15.19
1191112,2300,73.72,73.40000000000001,74.12,72.8,73.72,73.40000000000001,74.12,72.8,31.66,6735174.00,1.48,3.81,5.10,9.84
1191113,2300,74.2,73.92,74.52,73.12,74.2,73.92,74.52,73.12,33.13,7079039.00,1.40,3.70,7.58,7.38
1191114,2300,74.12,72.72,74.76000000000001,72.72,74.12,72.72,74.76000000000001,72.72,31.45,5623836.00,2.04,3.63,5.79,6.15
1191115,2300,71.59999999999999,69.59999999999999,71.92,69.52,71.59999999999999,69.59999999999999,71.92,69.52,27.54,9399849.00,3.20,3.63,3.87,5.75
1191118,2300,69.59999999999999,69.52,70.31999999999999,69.04000000000001,69.59999999999999,69.52,70.31999999999999,69.04000000000001,27.44,6130753.00,1.28,3.58,1.64,3.77
1191119,2300,69.16,70.28,70.64,68.88,69.16,70.28,70.64,68.88,29.90,7577149.00,1.76,3.55,5.30,3.60
1191120,2300,70.52,71.0,73.56,69.52,70.52,71.0,73.56,69.52,32.24,11494467.00,4.04,3.58,11.68,6.20
1191121,2300,70.56,71.16,72.56,70.36,70.56,71.16,72.56,70.36,32.78,7741556.00,2.20,3.56,18.70,11.89
1191122,2300,70.04000000000001,69.12,70.8,69.04000000000001,70.04000000000001,69.12,70.8,69.04000000000001,29.56,6660302.00,2.12,3.55,16.20,15.52
1191125,2300,67.59999999999999,66.12,67.59999999999999,65.84,67.59999999999999,66.12,67.59999999999999,65.84,25.58,7065422.00,3.28,3.56,8.84,14.58
1191126,2300,65.59999999999999,65.16,66.0,64.8,65.59999999999999,65.16,66.0,64.8,24.45,7297129.00,1.32,3.55,2.55,9.19
1191127,2300,64.62,64.84,64.88,64.40000000000001,64.62,64.84,64.88,64.40000000000001,24.06,4758998.00,0.76,3.47,2.87,4.75
1191129,2300,65.40000000000001,66.16,66.16,65.12,65.40000000000001,66.16,66.16,65.12,29.00,4319729.00,1.32,3.44,6.93,4.12
1191202,2300,65.88,69.59999999999999,70.52,65.84,65.88,69.59999999999999,70.52,65.84,39.96,13659397.00,4.68,3.40,21.14,10.31
1191203,2300,74.76000000000001,73.64,76.16,73.23999999999999,74.76000000000001,73.64,76.16,73.23999999999999,49.77,24569242.00,6.56,3.47,47.59,25.22
1191204,2300,71.36,70.23999999999999,71.92,69.36,71.36,70.23999999999999,71.92,69.36,43.35,10666787.00,4.28,3.41,59.86,42.86
1191205,2300,69.16,69.31999999999999,71.52,69.04000000000001,69.16,69.31999999999999,71.52,69.04000000000001,41.78,8357776.00,2.48,3.33,56.69,54.71
1191206,2300,66.68000000000001,66.92,67.88,66.31999999999999,66.68000000000001,66.92,67.88,66.31999999999999,37.92,9803973.00,3.00,3.33,37.64,51.40
1191209,2300,67.23999999999999,70.40000000000001,70.45999999999999,66.86,67.23999999999999,70.40000000000001,70.45999999999999,66.86,45.75,9465582.00,3.60,3.27,38.10,44.14
1191210,2300,70.12,70.52,71.88,69.08,70.12,70.52,71.88,69.08,46.00,8905029.00,2.80,3.24,41.50,39.08
1191211,2300,69.76000000000001,68.88,70.16,68.44,69.76000000000001,68.88,70.16,68.44,43.05,7283262.00,2.08,3.14,47.05,42.21
1191212,2300,68.72,64.8,69.16,64.72,68.72,64.8,69.16,64.72,36.73,16067735.00,4.44,3.08,31.18,39.91
1191213,2300,65.40000000000001,62.12,66.16,62.04,65.40000000000001,62.12,66.16,62.04,33.28,18434453.00,4.12,3.02,13.18,30.47
1191216,2300,60.28,60.8,60.84,59.52,60.28,60.8,60.84,59.52,31.70,8555292.00,2.60,2.97,4.14,16.17
1191217,2300,60.2,60.36,61.12,59.88,60.2,60.36,61.12,59.88,31.17,7582109.00,1.24,2.92,4.64,7.32
1191218,2300,59.64,60.96,61.0,59.47,59.64,60.96,61.0,59.47,32.82,7441957.00,1.53,2.79,7.22,5.33
1191219,2300,60.72,59.44,61.0,59.44,60.72,59.44,61.0,59.44,30.80,7236450.00,1.56,2.70,4.66,5.51
1191220,2300,59.24,60.16,60.16,59.04,59.24,60.16,60.16,59.04,32.91,6298558.00,1.12,2.64,5.17,5.68
1191223,2300,60.0,60.36,60.52,59.88,60.0,60.36,60.52,59.88,33.51,3782770.00,0.64,2.51,5.22,5.01
1191224,2300,60.12,59.76,60.4,59.6,60.12,59.76,60.4,59.6,32.56,2578872.00,0.80,2.45,7.38,5.92
1191226,2300,59.28,59.68,59.8,59.2,59.28,59.68,59.8,59.2,32.43,3397799.00,0.60,2.39,6.95,6.52
1191227,2300,59.44,60.92,61.56,59.4,59.44,60.92,61.56,59.4,36.71,6610189.00,2.16,2.39,8.41,7.58
1191230,2300,61.44,63.04,63.84,61.4,61.44,63.04,63.84,61.4,43.32,8565271.00,2.92,2.42,16.93,10.76
1191231,2300,63.88,60.48,64.23999999999999,60.24,63.88,60.48,64.23999999999999,60.24,38.14,8429057.00,4.00,2.44,19.89,15.08
1200102,2300,58.84,58.04,60.16,58.0,58.84,58.04,60.16,58.0,33.97,7101768.00,2.48,2.44,15.60,17.47
1200103,2300,62.68,61.16,62.96,59.8,62.68,61.16,62.96,59.8,42.61,12055149.00,4.92,2.49,15.24,16.91
1200106,2300,62.96,60.32,63.16,60.32,62.96,60.32,63.16,60.32,41.05,6524993.00,2.84,2.51,21.60,17.48
1200107,2300,60.64,60.04,61.44,59.4,60.64,60.04,61.44,59.4,40.52,7672773.00,2.04,2.51,36.43,24.42
1200108,2300,59.64,59.2,60.0,57.32,59.64,59.2,60.0,57.32,38.89,12093545.00,2.72,2.50,32.16,30.07
1200109,2300,57.52,56.72,58.08,56.68,57.52,56.72,58.08,56.68,34.49,8067984.00,2.52,2.52,19.11,29.24
1200110,2300,56.64,56.48,57.14,55.84,56.64,56.48,57.14,55.84,34.09,8231971.00,1.30,2.51,11.19,20.82
1200113,2300,55.84,55.04,56.44,54.96,55.84,55.04,56.44,54.96,31.70,7090983.00,1.52,2.46,3.01,11.10
1200114,2300,55.16,54.64,55.6,54.04,55.16,54.64,55.6,54.04,31.05,8357488.00,1.56,2.43,4.73,6.31
1200115,2300,54.64,54.48,54.84,54.04,54.64,54.48,54.84,54.04,30.78,7597763.00,0.80,2.37,3.77,3.84
1200116,2300,53.68,53.16,53.82,53.04,53.68,53.16,53.82,53.04,28.55,7165035.00,1.44,2.36,3.67,4.06
1200117,2300,53.16,53.28,54.24,53.0,53.16,53.28,54.24,53.0,29.05,8372607.00,1.24,2.35,2.57,3.34
1200121,2300,54.0,53.72,54.08,52.6,54.0,53.72,54.08,52.6,30.97,10351958.00,1.48,2.35,4.46,3.57
1200122,2300,52.68,54.16,54.16,52.68,52.68,54.16,54.16,52.68,32.92,9117922.00,1.48,2.34,8.85,5.30
1200123,2300,55.0,53.96,55.88,53.8,55.0,53.96,55.88,53.8,32.47,8732354.00,2.08,2.33,12.33,8.55
1200124,2300,53.08,56.96,58.12,52.84,53.08,56.96,58.12,52.84,44.66,25634252.00,5.28,2.38,22.98,14.72
1200127,2300,61.88,62.84,62.92,60.48,61.88,62.84,62.92,60.48,59.93,20675764.00,5.96,2.47,50.76,28.69
1200128,2300,61.32,59.32,61.8,59.04,61.32,59.32,61.8,59.04,50.88,13437247.00,3.80,2.52,68.33,47.36
1200129,2300,58.28,59.4,60.36,57.68,58.28,59.4,60.36,57.68,51.06,10450792.00,2.68,2.53,76.74,65.28
1200130,2300,61.68,58.4,63.0,58.4,61.68,58.4,63.0,58.4,48.65,16801751.00,4.60,2.56,62.24,69.11
1200131,2300,59.88,64.8,66.8,59.64,59.88,64.8,66.8,59.64,61.26,26894660.00,8.40,2.70,71.02,70.00
1200203,2300,63.16,62.32,64.08,60.88,63.16,62.32,64.08,60.88,55.57,13035963.00,3.92,2.75,71.44,68.24
1200204,2300,59.64,59.32,60.04,58.44,59.64,59.32,60.04,58.44,49.56,11827535.00,3.88,2.74,67.23,69.90
1200205,2300,57.16,56.8,58.92,56.8,57.16,56.8,58.92,56.8,45.15,11848837.00,2.52,2.75,48.45,62.37
1200206,2300,56.32,56.36,57.52,56.0,56.32,56.36,57.52,56.0,44.41,9674890.00,1.52,2.74,34.46,50.05
1200207,2300,57.76,57.52,58.68,56.6,57.76,57.52,58.68,56.6,46.89,11647698.00,2.32,2.72,30.23,37.72
1200210,2300,58.04,56.4,58.04,56.16,58.04,56.4,58.04,56.16,44.81,8922796.00,1.88,2.73,29.16,31.29
1200211,2300,55.52,56.48,56.72,55.2,55.52,56.48,56.72,55.2,45.00,9229958.00,1.52,2.74,29.04,29.48
1200212,2300,55.44,53.6,55.72,53.52,55.44,53.6,55.72,53.52,39.75,9982125.00,2.96,2.78,19.31,25.84
1200213,2300,55.52,54.76,55.88,54.12,55.52,54.76,55.88,54.12,42.65,8440809.00,2.28,2.73,13.69,20.68
1200214,2300,54.24,54.08,55.26,53.88,54.24,54.08,55.26,53.88,41.40,8393033.00,1.38,2.63,6.32,13.11
1200218,2300,54.92,55.04,56.12,54.28,54.92,55.04,56.12,54.28,43.91,10237785.00,2.04,2.58,8.33,9.45
1200219,2300,54.04,54.24,54.64,53.68,54.04,54.24,54.64,53.68,42.28,9042113.00,1.36,2.56,7.03,7.23
1200220,2300,54.44,56.16,57.96,54.0,54.44,56.16,57.96,54.0,47.33,20689247.00,3.96,2.58,12.25,9.20
1200221,2300,57.92,59.6,61.2,57.36,57.92,59.6,61.2,57.36,54.93,21625017.00,5.04,2.61,25.43,14.90
1200224,2300,68.64,70.68000000000001,71.0,65.40000000000001,68.64,70.68000000000001,71.0,65.40000000000001,69.97,36219321.00,11.40,2.78,62.63,33.44
1200225,2300,68.23999999999999,77.36,79.40000000000001,67.72,68.23999999999999,77.36,79.40000000000001,67.72,75.31,44979848.00,11.68,2.97,87.31,58.46
1200226,2300,74.88,75.72,78.56,72.28,74.88,75.72,78.56,72.28,71.93,33539327.00,6.28,3.01,91.28,80.41
1200227,2300,82.44,88.0,88.0,80.44,82.44,88.0,88.0,80.44,79.40,42263518.00,12.28,3.17,93.37,90.65
1200228,2300,98.08,91.23999999999999,100.0,90.72,98.08,91.23999999999999,100.0,90.72,80.84,36550644.00,12.00,3.36,88.36,91.00
1200302,2300,89.31999999999999,88.12,94.42,87.64,89.31999999999999,88.12,94.42,87.64,75.35,28015593.00,6.78,3.47,83.80,88.51
1200303,2300,88.08,97.8,100.31999999999999,84.34,88.08,97.8,100.31999999999999,84.34,79.91,31361131.00,15.98,3.76,83.43,85.20
1200304,2300,93.59999999999999,92.0,97.16,90.95999999999999,93.59999999999999,92.0,97.16,90.95999999999999,71.39,21855826.00,6.84,3.86,83.76,83.67
1200305,2300,100.72,106.72,110.72,98.56,100.72,106.72,110.72,98.56,77.85,30423842.00,18.72,4.22,90.14,85.78
1200306,2300,126.64,119.28,130.72,116.95999999999999,126.64,119.28,130.72,116.95999999999999,81.65,35199250.00,24.00,4.68,86.85,86.92
1200309,2300,162.59999999999999,147.84,164.68000000000001,140.63999999999999,162.59999999999999,147.84,164.68000000000001,140.63999999999999,87.08,18692988.00,45.40,5.58,86.83,87.94
1200310,2300,132.0,136.44,148.63999999999999,131.08000000000001,132.0,136.44,148.63999999999999,131.08000000000001,77.25,14979185.00,17.56,5.91,81.08,84.92
1200311,2300,147.36000000000001,154.63999999999999,157.80000000000001,145.40000000000001,147.36000000000001,154.63999999999999,157.80000000000001,145.40000000000001,80.95,12335199.00,21.36,6.30,83.25,83.72
1200312,2300,180.40000000000001,189.44,195.12,166.19999999999999,180.40000000000001,189.44,195.12,166.19999999999999,85.73,16277034.00,40.48,7.05,87.36,83.89
1200313,2300,168.52000000000001,172.80000000000001,197.72,168.08000000000001,168.52000000000001,172.80000000000001,197.72,168.08000000000001,75.92,16477368.00,29.64,7.56,88.93,86.51
1200316,2300,219.68000000000001,236.84,247.88,206.16,219.68000000000001,236.84,247.88,206.16,83.67,12150029.00,75.08,9.01,90.43,88.91
1200317,2300,230.31999999999999,234.03999999999999,250.47999999999999,216.91999999999999,230.31999999999999,234.03999999999999,250.47999999999999,216.91999999999999,82.42,12297963.00,33.56,9.59,88.98,89.45
1200318,2300,263.80000000000001,276.0,315.36000000000001,247.40000000000001,263.80000000000001,276.0,315.36000000000001,247.40000000000001,85.83,18955560.00,81.32,11.16,88.41,89.28
1200319,2300,292.39999999999998,248.0,307.60000000000002,223.59999999999999,292.39999999999998,248.0,307.60000000000002,223.59999999999999,75.33,20707422.00,84.00,12.80,80.52,85.97
1200320,2300,237.52000000000001,242.19999999999999,252.31999999999999,210.08000000000001,237.52000000000001,242.19999999999999,252.31999999999999,210.08000000000001,73.32,14763444.00,42.24,13.59,74.05,80.99
1200323,2300,228.03999999999999,204.52000000000001,236.16,197.0,228.03999999999999,204.52000000000001,236.16,197.0,61.83,9849439.00,45.20,14.44,63.38,72.65
1200324,2300,167.44,188.59999999999999,190.96000000000001,158.0,167.44,188.59999999999999,190.96000000000001,158.0,57.71,9108257.00,46.52,15.34,53.77,63.73
1200325,2300,192.03999999999999,203.59999999999999,210.68000000000001,190.68000000000001,192.03999999999999,203.59999999999999,210.68000000000001,190.68000000000001,60.39,6339337.00,22.08,15.76,45.38,54.18
1200326,2300,196.59999999999999,182.47999999999999,198.84,182.44,196.59999999999999,182.47999999999999,198.84,182.44,55.10,7809344.00,21.16,16.15,38.05,45.73
1200327,2300,201.36000000000001,202.40000000000001,202.88,193.63999999999999,201.36000000000001,202.40000000000001,202.88,193.63999999999999,58.77,5857221.00,20.40,16.54,36.93,40.12
1200330,2300,201.52000000000001,194.52000000000001,207.59999999999999,194.31999999999999,201.52000000000001,194.52000000000001,207.59999999999999,194.31999999999999,56.79,7995087.00,13.28,16.78,31.91,35.63
1200331,2300,196.0,185.0,197.03999999999999,181.68000000000001,196.0,185.0,197.03999999999999,181.68000000000001,54.41,7879407.00,15.36,17.06,28.82,32.55
1200401,2300,197.68000000000001,200.88,203.56,188.24000000000001,197.68000000000001,200.88,203.56,188.24000000000001,57.60,4763685.00,18.56,17.40,24.55,28.43
1200402,2300,198.08000000000001,189.44,201.59999999999999,188.81999999999999,198.08000000000001,189.44,201.59999999999999,188.81999999999999,54.64,5383756.00,12.78,17.63,21.46,24.94
1200403,2300,188.0,181.80000000000001,191.40000000000001,180.0,188.0,181.80000000000001,191.40000000000001,180.0,52.68,6681551.00,11.40,17.81,20.78,22.27
1200406,2300,168.84,168.84,172.28,166.08000000000001,168.84,168.84,172.28,166.08000000000001,49.46,4954439.00,15.72,18.02,14.00,18.75
1200407,2300,163.63999999999999,173.63999999999999,174.63999999999999,163.12,163.63999999999999,173.63999999999999,174.63999999999999,163.12,50.66,7011673.00,11.52,18.13,10.83,15.20
1200408,2300,171.80000000000001,169.59999999999999,174.88,167.68000000000001,171.80000000000001,169.59999999999999,174.88,167.68000000000001,49.59,5220671.00,7.20,18.20,9.49,11.44
1200409,2300,168.88,166.28,171.56,165.5,168.88,166.28,171.56,165.5,48.68,5851850.00,6.06,18.27,11.03,10.45
1200413,2300,165.59999999999999,162.84,169.72,162.47999999999999,165.59999999999999,162.84,169.72,162.47999999999999,47.70,3706563.00,7.24,18.32,10.98,10.50
1200414,2300,153.59999999999999,149.63999999999999,154.47999999999999,148.0,153.59999999999999,149.63999999999999,154.47999999999999,148.0,44.04,4494624.00,14.84,18.45,7.63,9.88
1200415,2300,159.84,161.63999999999999,165.72,157.30000000000001,159.84,161.63999999999999,165.72,157.30000000000001,47.95,5211570.00,16.08,18.69,11.50,10.04
1200416,2300,163.12,162.96000000000001,167.72,161.31999999999999,163.12,162.96000000000001,167.72,161.31999999999999,48.38,4666356.00,6.40,18.74,16.63,11.92
1200417,2300,156.24000000000001,156.19999999999999,161.68000000000001,155.24000000000001,156.24000000000001,156.19999999999999,161.68000000000001,155.24000000000001,46.28,4491665.00,7.72,18.85,20.58,16.24
1200420,2300,164.47999999999999,171.36000000000001,172.0,160.52000000000001,164.47999999999999,171.36000000000001,172.0,160.52000000000001,51.37,4824264.00,15.80,19.13,26.62,21.28
1200421,2300,184.16,185.68000000000001,192.59999999999999,182.88,184.16,185.68000000000001,192.59999999999999,182.88,55.64,6533289.00,21.24,19.51,40.56,29.25
1200422,2300,178.88,176.75999999999999,182.31999999999999,174.84,178.88,176.75999999999999,182.31999999999999,174.84,52.54,4031346.00,10.84,19.69,54.52,40.56
1200423,2300,174.28,176.24000000000001,179.52000000000001,170.80000000000001,174.28,176.24000000000001,179.52000000000001,170.80000000000001,52.36,4641321.00,8.72,19.83,61.58,52.22
1200424,2300,172.68000000000001,166.08000000000001,175.19999999999999,165.84,172.68000000000001,166.08000000000001,175.19999999999999,165.84,48.79,3694449.00,10.40,19.98,52.58,56.22
1200427,2300,161.84,153.84,161.88,151.63999999999999,161.84,153.84,161.88,151.63999999999999,44.82,5774527.00,14.44,20.23,38.98,51.05
1200428,2300,148.59999999999999,156.28,158.27000000000001,147.84,148.59999999999999,156.28,158.27000000000001,147.84,45.76,5672305.00,10.43,20.41,24.16,38.57
1200429,2300,147.44,146.81999999999999,148.03999999999999,143.40000000000001,147.44,146.81999999999999,148.03999999999999,143.40000000000001,42.70,5051539.00,12.88,20.62,12.77,25.30
1200430,2300,149.96000000000001,151.47999999999999,156.88,149.75999999999999,149.96000000000001,151.47999999999999,156.88,149.75999999999999,44.67,4266221.00,10.06,20.80,13.93,16.95
1200501,2300,164.40000000000001,164.75999999999999,168.28,161.24000000000001,164.40000000000001,164.75999999999999,168.28,161.24000000000001,49.93,5164340.00,16.80,21.06,22.26,16.32
1200504,2300,170.31999999999999,161.03999999999999,172.0,160.72,170.31999999999999,161.03999999999999,172.0,160.72,48.54,3378125.00,11.28,21.18,31.90,22.70
1200505,2300,155.12,154.68000000000001,155.80000000000001,150.24000000000001,155.12,154.68000000000001,155.80000000000001,150.24000000000001,46.17,4456214.00,10.80,21.17,34.07,29.41
1200506,2300,151.91999999999999,156.84,157.09999999999999,150.83000000000001,151.91999999999999,156.84,157.09999999999999,150.83000000000001,47.11,3786314.00,6.27,21.06,28.70,31.55
1200507,2300,151.52000000000001,149.88,152.38,148.72,151.52000000000001,149.88,152.38,148.72,44.41,4410506.00,8.12,21.10,21.14,27.97
1200508,2300,145.84,139.80000000000001,146.91999999999999,139.80000000000001,145.84,139.80000000000001,146.91999999999999,139.80000000000001,40.76,4894689.00,10.08,21.05,13.17,21.00
1200511,2300,143.56,130.47999999999999,143.90000000000001,130.0,143.56,130.47999999999999,143.90000000000001,130.0,37.67,4733856.00,13.90,21.09,4.51,12.94
1200512,2300,126.51000000000001,143.59999999999999,144.0,125.68000000000001,126.51000000000001,143.59999999999999,144.0,125.68000000000001,44.09,6108104.00,18.32,21.32,11.58,9.75
1200513,2300,145.36000000000001,158.59999999999999,164.63999999999999,142.36000000000001,145.36000000000001,158.59999999999999,164.63999999999999,142.36000000000001,50.37,10831765.00,22.28,21.45,32.97,16.35
1200514,2300,166.28,149.88,171.44,149.88,166.28,149.88,171.44,149.88,47.06,8677973.00,21.56,21.74,50.13,31.56
1200515,2300,157.44999999999999,146.40000000000001,159.84,146.40000000000001,157.44999999999999,146.40000000000001,159.84,146.40000000000001,45.77,6311825.00,13.44,21.64,54.76,45.95
1200518,2300,136.72,136.96000000000001,139.68000000000001,135.24000000000001,136.72,136.96000000000001,139.68000000000001,135.24000000000001,42.36,6327999.00,11.16,21.38,40.44,48.44
1200519,2300,137.72,144.12,144.40000000000001,134.68000000000001,137.72,144.12,144.40000000000001,134.68000000000001,45.66,5756243.00,9.72,20.67,36.30,43.83
1200520,2300,137.12,134.80000000000001,140.36000000000001,134.80000000000001,137.12,134.80000000000001,140.36000000000001,134.80000000000001,42.27,8109805.00,9.32,20.50,27.95,34.90
1200521,2300,135.28,138.72,141.52000000000001,133.40000000000001,135.28,138.72,141.52000000000001,133.40000000000001,44.15,6083672.00,8.12,20.24,29.22,31.16
1200522,2300,139.59999999999999,137.40000000000001,141.72,136.80000000000001,139.59999999999999,137.40000000000001,141.72,136.80000000000001,43.64,3840315.00,4.92,19.53,24.48,27.22
1200526,2300,130.91999999999999,135.31999999999999,136.41999999999999,130.47999999999999,130.91999999999999,135.31999999999999,136.41999999999999,130.47999999999999,42.79,4798611.00,6.92,19.07,24.96,26.22
1200527,2300,131.84,132.59999999999999,141.40000000000001,131.58000000000001,131.84,132.59999999999999,141.40000000000001,131.58000000000001,41.65,6655276.00,9.82,17.77,20.60,23.35
1200528,2300,134.24000000000001,137.91999999999999,139.18000000000001,132.53999999999999,134.24000000000001,137.91999999999999,139.18000000000001,132.53999999999999,44.75,5822926.00,6.64,17.23,20.98,22.18
1200529,2300,138.63999999999999,132.52000000000001,141.16,132.52000000000001,138.63999999999999,132.52000000000001,141.16,132.52000000000001,42.29,8153169.00,8.64,15.77,18.94,20.17
1200601,2300,136.24000000000001,133.68000000000001,136.75999999999999,132.91999999999999,136.24000000000001,133.68000000000001,136.75999999999999,132.91999999999999,43.02,3870017.00,4.24,14.18,19.73,19.88
1200602,2300,132.88,129.96000000000001,134.61000000000001,129.84,132.88,129.96000000000001,134.61000000000001,129.84,41.23,5699009.00,4.77,13.43,11.24,16.63
1200603,2300,127.52,124.36,128.16,123.76000000000001,127.52,124.36,128.16,123.76000000000001,38.63,6204962.00,6.20,12.65,6.46,12.47
1200604,2300,125.16,123.36,126.31999999999999,119.72,125.16,123.36,126.31999999999999,119.72,38.17,7249613.00,6.60,11.85,3.37,7.02
1200605,2300,115.84,116.68000000000001,118.31999999999999,115.31999999999999,115.84,116.68000000000001,118.31999999999999,115.31999999999999,35.15,6918987.00,8.04,11.57,4.79,4.87
1200608,2300,116.52,119.28,120.44,115.84,116.52,119.28,120.44,115.84,37.23,4146810.00,4.60,11.24,9.12,5.76
1200609,2300,122.76000000000001,125.08,126.01000000000001,121.84,122.76000000000001,125.08,126.01000000000001,121.84,41.73,5991134.00,6.73,10.97,17.83,10.58
1200610,2300,126.0,124.52,128.40000000000001,119.59999999999999,126.0,124.52,128.40000000000001,119.59999999999999,41.43,7586190.00,8.80,10.88,27.99,18.31
1200611,2300,138.12,166.44,169.19999999999999,132.52000000000001,138.12,166.44,169.19999999999999,132.52000000000001,63.32,25924176.00,44.68,11.46,65.69,37.17
1200612,2300,153.59999999999999,154.84,180.12,149.68000000000001,153.59999999999999,154.84,180.12,149.68000000000001,56.97,17010489.00,30.44,11.70,68.82,54.17
1200615,2300,168.88,150.88,174.47999999999999,149.47999999999999,168.88,150.88,174.47999999999999,149.47999999999999,54.95,10042818.00,25.00,11.94,68.78,67.76
1200616,2300,141.12,147.47999999999999,156.05000000000001,139.96000000000001,141.12,147.47999999999999,156.05000000000001,139.96000000000001,53.20,13360411.00,16.09,12.04,55.16,64.25
1200617,2300,146.31999999999999,147.91999999999999,152.08000000000001,145.59999999999999,146.31999999999999,147.91999999999999,152.08000000000001,145.59999999999999,53.41,8519606.00,6.48,11.85,51.60,58.52
1200618,2300,150.16,145.24000000000001,151.72,145.12,150.16,145.24000000000001,151.72,145.12,51.90,6501859.00,6.60,11.75,48.70,51.82
1200619,2300,141.75999999999999,147.56,152.52000000000001,140.59999999999999,141.75999999999999,147.56,152.52000000000001,140.59999999999999,53.13,10771302.00,11.92,11.85,48.74,49.68
1200622,2300,148.59999999999999,140.36000000000001,150.56,139.91999999999999,148.59999999999999,140.36000000000001,150.56,139.91999999999999,48.95,8555951.00,10.64,11.94,44.86,47.43
1200623,2300,134.08000000000001,137.80000000000001,138.84,133.66999999999999,134.08000000000001,137.80000000000001,138.84,133.66999999999999,47.52,7521425.00,6.69,11.93,41.03,44.88
1200624,2300,142.80000000000001,146.88,153.36000000000001,138.75999999999999,142.80000000000001,146.88,153.36000000000001,138.75999999999999,52.79,16092801.00,15.56,11.94,40.68,42.19
1200625,2300,149.31999999999999,141.56,152.52000000000001,141.0,149.31999999999999,141.56,152.52000000000001,141.0,49.65,8958743.00,11.52,11.85,41.14,40.95
1200626,2300,141.80000000000001,150.0,151.72,141.28,141.80000000000001,150.0,151.72,141.28,54.30,11173915.00,10.44,11.93,46.24,42.69
1200629,2300,147.52000000000001,142.72,152.38999999999999,142.47999999999999,147.52000000000001,142.72,152.38999999999999,142.47999999999999,50.01,6241716.00,9.91,11.98,42.76,43.38
1200630,2300,143.99000000000001,135.80000000000001,144.40000000000001,134.40000000000001,143.99000000000001,135.80000000000001,144.40000000000001,134.40000000000001,46.26,6738397.00,10.00,11.86,33.68,40.89
1200701,2300,133.47999999999999,131.56,135.63999999999999,130.63999999999999,133.47999999999999,131.56,135.63999999999999,130.63999999999999,44.08,6205536.00,5.16,11.54,17.34,31.26
1200702,2300,126.12,129.28,130.31999999999999,124.12,126.12,129.28,130.31999999999999,124.12,42.91,6983987.00,7.44,11.47,6.35,19.12
1200706,2300,125.08,129.12,130.62,124.76000000000001,125.08,129.12,130.62,124.76000000000001,42.83,5901417.00,5.86,11.41,8.41,10.70
1200707,2300,130.19999999999999,133.56,134.0,126.66,130.19999999999999,133.56,134.0,126.66,46.05,6155901.00,7.34,11.35,17.57,10.78
1200708,2300,131.56,130.19999999999999,135.84,129.84,131.56,130.19999999999999,135.84,129.84,44.03,6190676.00,6.00,11.18,22.70,16.23
1200709,2300,130.36000000000001,132.24000000000001,138.03999999999999,129.31999999999999,130.36000000000001,132.24000000000001,138.03999999999999,129.31999999999999,45.59,8074985.00,8.72,11.15,26.95,22.41
1200710,2300,133.12,128.59999999999999,135.91,128.52000000000001,133.12,128.59999999999999,135.91,128.52000000000001,43.27,5721178.00,7.39,11.04,21.30,23.65
1200713,2300,127.23999999999999,140.96000000000001,141.56,126.92,127.23999999999999,140.96000000000001,141.56,126.92,52.18,8623525.00,14.64,11.13,33.56,27.27
1200714,2300,141.08000000000001,132.84,144.03999999999999,132.47999999999999,141.08000000000001,132.84,144.03999999999999,132.47999999999999,46.96,11531495.00,11.56,11.03,34.25,29.70
1200715,2300,128.88,129.03999999999999,134.72,128.52000000000001,128.88,129.03999999999999,134.72,128.52000000000001,44.71,7136203.00,6.20,10.93,35.08,34.30
1200716,2300,131.87,127.04000000000001,132.28,126.40000000000001,131.87,127.04000000000001,132.28,126.40000000000001,43.52,6887704.00,5.88,10.83,19.28,29.53
1200717,2300,125.72,122.48,126.92,122.28,125.72,122.48,126.92,122.28,40.87,4787471.00,4.76,10.80,9.26,21.21
1200720,2300,120.88,116.92,121.56,114.92,120.88,116.92,121.56,114.92,37.83,6717869.00,7.56,10.79,5.83,11.46
1200721,2300,114.0,117.95999999999999,119.40000000000001,112.59999999999999,114.0,117.95999999999999,119.40000000000001,112.59999999999999,38.75,9009521.00,6.80,10.72,8.30,7.80
1200722,2300,118.59999999999999,116.64,120.36,116.52,118.59999999999999,116.64,120.36,116.52,37.98,5632533.00,3.84,10.52,12.34,8.83
1200723,2300,115.59999999999999,120.28,122.72,114.8,115.59999999999999,120.28,122.72,114.8,41.42,8791657.00,7.92,10.31,18.11,12.92
1200724,2300,124.08,120.68000000000001,125.81999999999999,120.56,124.08,120.68000000000001,125.81999999999999,120.56,41.80,8248282.00,5.54,9.98,20.99,17.15
1200727,2300,119.16,117.36,120.73999999999999,117.08,119.16,117.36,120.73999999999999,117.08,39.50,5213496.00,3.66,9.62,21.76,20.29
1200728,2300,117.31999999999999,116.68000000000001,118.31999999999999,112.92,117.31999999999999,116.68000000000001,118.31999999999999,112.92,39.03,6415553.00,5.40,9.46,17.94,20.23
1200729,2300,114.76000000000001,114.28,116.36,113.68000000000001,114.76000000000001,114.28,116.36,113.68000000000001,37.33,5236823.00,3.00,9.29,11.15,16.95
1200730,2300,119.44,116.8,125.08,116.0,119.44,116.8,125.08,116.0,40.27,8130825.00,10.80,9.32,10.56,13.22
1200731,2300,113.68000000000001,114.08,119.72,113.52,113.68000000000001,114.08,119.72,113.52,38.18,7690694.00,6.20,9.25,7.80,9.84
1200803,2300,113.23999999999999,113.84,115.03,112.44,113.23999999999999,113.84,115.03,112.44,38.00,5011377.00,2.59,9.14,8.31,8.89
1200804,2300,113.44,110.48,113.44,110.12,113.44,110.48,113.44,110.12,35.39,4924404.00,3.72,9.12,4.27,6.80
1200805,2300,108.72,108.16,110.31999999999999,107.8,108.72,108.16,110.31999999999999,107.8,33.67,5124734.00,2.68,9.03,3.34,5.31
1200806,2300,108.44,106.95999999999999,109.31999999999999,106.59999999999999,108.44,106.95999999999999,109.31999999999999,106.59999999999999,32.78,5409394.00,2.72,8.89,1.79,3.13
1200807,2300,108.23999999999999,106.12,108.56,105.08,108.23999999999999,106.12,108.56,105.08,32.14,7379293.00,3.48,8.83,2.98,2.70
1200810,2300,104.56,103.0,106.2,102.64,104.56,103.0,106.2,102.64,29.82,6440766.00,3.56,8.73,2.79,2.52
1200811,2300,100.59999999999999,107.8,108.56,100.12,100.59999999999999,107.8,108.56,100.12,37.32,9027937.00,8.44,8.81,13.04,6.27
1200812,2300,103.72,102.12,104.12,101.26000000000001,103.72,102.12,104.12,101.26000000000001,32.85,7097174.00,6.54,8.85,13.46,9.76
1200813,2300,102.68000000000001,102.04000000000001,103.40000000000001,99.59999999999999,102.68000000000001,102.04000000000001,103.40000000000001,99.59999999999999,32.79,7129467.00,3.80,8.80,15.76,14.09
1200814,2300,102.92,101.76000000000001,103.76000000000001,101.23999999999999,102.92,101.76000000000001,103.76000000000001,101.23999999999999,32.56,6763853.00,2.52,8.72,8.61,12.61
1200817,2300,99.56,98.36,100.40000000000001,97.68000000000001,99.56,98.36,100.40000000000001,97.68000000000001,29.90,4901300.00,4.08,8.64,6.74,10.37
1200818,2300,97.52,97.31999999999999,99.72,96.40000000000001,97.52,97.31999999999999,99.72,96.40000000000001,29.12,5534817.00,3.32,8.61,4.61,6.65
1200819,2300,96.52,99.08,99.76000000000001,95.8,96.52,99.08,99.76000000000001,95.8,32.35,8906716.00,3.96,8.56,6.10,5.82
1200820,2300,102.95999999999999,98.0,103.36,97.59999999999999,102.95999999999999,98.0,103.36,97.59999999999999,31.41,8860549.00,5.76,8.50,8.91,6.54
1200821,2300,99.76000000000001,98.52,100.16,97.94,99.76000000000001,98.52,100.16,97.94,32.43,6429988.00,2.22,7.65,13.49,9.50
1200824,2300,95.8,98.08,99.14,95.52,95.8,98.08,99.14,95.52,31.99,6883291.00,3.62,7.11,14.48,12.29
1200825,2300,98.40000000000001,97.56,101.3,96.92,98.40000000000001,97.56,101.3,96.92,31.46,6560733.00,4.38,6.70,15.83,14.60
1200826,2300,96.95999999999999,99.72,100.36,94.56,96.95999999999999,99.72,100.36,94.56,36.25,7418276.00,5.80,6.49,22.91,17.74
1200827,2300,98.76000000000001,102.88,110.8,97.72,98.76000000000001,102.88,110.8,97.72,42.57,13463953.00,13.08,6.62,35.24,24.66
1200828,2300,104.08,102.31999999999999,108.44,100.64,104.08,102.31999999999999,108.44,100.64,41.78,8718749.00,7.80,6.65,45.70,34.62
1200831,2300,104.97,107.40000000000001,108.36,102.72,104.97,107.40000000000001,108.36,102.72,50.72,9084204.00,6.04,6.53,59.36,46.77
1200901,2300,107.40000000000001,109.08,109.84,106.56,107.40000000000001,109.08,109.84,106.56,53.28,7237642.00,3.28,6.38,72.09,59.05
1200902,2300,108.95999999999999,111.76000000000001,112.92,108.52,108.95999999999999,111.76000000000001,112.92,108.52,57.10,10132164.00,4.40,6.34,87.65,73.03
1200903,2300,113.28,126.84,131.03999999999999,109.20999999999999,113.28,126.84,131.03999999999999,109.20999999999999,71.32,29757634.00,21.83,6.46,90.04,83.26
1200904,2300,123.64,115.68000000000001,136.31999999999999,114.16,123.64,115.68000000000001,136.31999999999999,114.16,56.42,27723278.00,22.16,6.68,73.08,83.59
1200908,2300,124.95999999999999,113.12,126.0,112.64,124.95999999999999,113.12,126.0,112.64,53.65,15979798.00,13.36,6.73,59.97,74.36
1200909,2300,110.23999999999999,107.31999999999999,111.40000000000001,105.40000000000001,110.23999999999999,107.31999999999999,111.40000000000001,105.40000000000001,47.91,9479065.00,7.72,6.69,41.86,58.30
1200910,2300,106.36,108.52,111.12,105.44,106.36,108.52,111.12,105.44,49.12,9801416.00,5.68,6.60,36.14,45.99
1200911,2300,105.56,102.08,108.72,101.95999999999999,105.56,102.08,108.72,101.95999999999999,43.30,10646208.00,6.76,6.64,27.33,35.11
1200914,2300,100.68000000000001,100.28,101.8,98.84,100.68000000000001,100.28,101.8,98.84,41.81,7572127.00,3.24,6.55,21.71,28.40
1200915,2300,99.28,100.12,101.95999999999999,98.76000000000001,99.28,100.12,101.95999999999999,98.76000000000001,41.67,6376078.00,3.20,6.50,15.01,21.35
1200916,2300,99.48,99.84,100.0,97.09999999999999,99.48,99.84,100.0,97.09999999999999,41.41,7452227.00,3.02,6.41,11.42,16.05
1200917,2300,102.92,97.56,103.23999999999999,97.12,102.92,97.56,103.23999999999999,97.12,39.29,7776749.00,6.12,6.42,7.29,11.24
1200918,2300,96.84,97.48,99.92,94.68000000000001,96.84,97.48,99.92,94.68000000000001,39.21,8654576.00,5.24,6.35,5.00,7.90
1200921,2300,101.59999999999999,100.64,106.59999999999999,100.18000000000001,101.59999999999999,100.64,106.59999999999999,100.18000000000001,43.83,9971301.00,9.12,6.38,7.53,6.60
1200922,2300,100.48,101.44,104.16,100.44,100.48,101.44,104.16,100.44,44.97,5823768.00,3.72,6.16,12.42,8.32
1200923,2300,101.08,106.8,106.88,100.59999999999999,101.08,106.8,106.88,100.59999999999999,52.00,7325181.00,6.28,6.06,19.88,13.28
1200924,2300,106.92,104.76000000000001,108.0,102.95999999999999,106.92,104.76000000000001,108.0,102.95999999999999,49.41,6855093.00,5.04,6.03,23.18,18.50
1200925,2300,104.88,102.16,105.68000000000001,101.52,104.88,102.16,105.68000000000001,101.52,46.25,5908333.00,4.16,6.00,25.90,22.99
1200928,2300,101.31999999999999,101.44,102.59999999999999,101.04000000000001,101.31999999999999,101.44,102.59999999999999,101.04000000000001,45.39,4565335.00,1.56,5.93,27.12,25.40
1200929,2300,101.88,99.76000000000001,102.0,98.22,101.88,99.76000000000001,102.0,98.22,43.35,5679243.00,3.78,5.86,29.96,27.66
1200930,2300,98.44,99.59999999999999,100.72,97.16,98.44,99.59999999999999,100.72,97.16,43.15,6431866.00,3.56,5.79,35.51,30.86
1201001,2300,98.44,100.04000000000001,101.59999999999999,98.44,98.44,100.04000000000001,101.59999999999999,98.44,43.91,6038234.00,3.16,5.78,35.07,33.51
1201002,2300,105.23999999999999,103.12,105.52,101.16,105.23999999999999,103.12,105.52,101.16,49.06,7483673.00,5.48,5.73,46.02,38.86
1201005,2300,102.12,99.88,103.2,99.09999999999999,102.12,99.88,103.2,99.09999999999999,44.44,5211750.00,4.10,5.70,47.55,42.88
1201006,2300,99.04000000000001,101.28,102.16,97.17,99.04000000000001,101.28,102.16,97.17,46.77,8701599.00,4.99,5.73,50.65,48.07
1201007,2300,99.31999999999999,97.95999999999999,99.72,97.23999999999999,99.31999999999999,97.95999999999999,99.72,97.23999999999999,42.25,4862310.00,4.04,5.70,37.74,45.31
1201008,2300,96.84,94.04000000000001,97.40000000000001,93.84,96.84,94.04000000000001,97.40000000000001,93.84,37.62,6309741.00,4.12,5.72,24.71,37.70
1201009,2300,91.23999999999999,89.16,91.28,89.12,91.23999999999999,89.16,91.28,89.12,32.80,7283523.00,4.92,5.61,7.59,23.35
1201012,2300,87.59999999999999,87.40000000000001,89.16,87.12,87.59999999999999,87.40000000000001,89.16,87.12,31.25,7814260.00,2.04,5.52,0.96,11.09
1201013,2300,88.40000000000001,88.59999999999999,90.36,87.84,88.40000000000001,88.59999999999999,90.36,87.84,33.56,5848856.00,2.96,5.53,2.97,3.84
1201014,2300,87.8,87.68000000000001,89.04000000000001,86.31999999999999,87.8,87.68000000000001,89.04000000000001,86.31999999999999,32.65,7405636.00,2.72,5.51,5.10,3.01
1201015,2300,91.64,88.44,92.40000000000001,88.16,91.64,88.44,92.40000000000001,88.16,34.23,8151661.00,4.72,5.55,8.34,5.47
1201016,2300,88.31999999999999,89.08,89.08,86.95999999999999,88.31999999999999,89.08,89.08,86.95999999999999,35.60,5860334.00,2.12,5.54,10.80,8.08
1201019,2300,88.59999999999999,92.95999999999999,93.52,88.44,88.59999999999999,92.95999999999999,93.52,88.44,43.31,6951446.00,5.08,5.57,20.00,13.05
1201020,2300,92.31999999999999,92.92,93.44,91.48,92.31999999999999,92.92,93.44,91.48,43.26,7437941.00,1.96,5.54,27.78,19.53
1201021,2300,92.40000000000001,90.72,93.64,90.13,92.40000000000001,90.72,93.64,90.13,40.10,6793556.00,3.51,5.44,30.63,26.13
1201022,2300,90.56,88.59999999999999,91.36,87.76000000000001,90.56,88.59999999999999,91.36,87.76000000000001,37.28,5668676.00,3.60,5.38,24.02,27.48
1201023,2300,88.23999999999999,88.68000000000001,90.64,88.08,88.23999999999999,88.68000000000001,90.64,88.08,37.46,4731342.00,2.56,5.36,17.41,24.02
1201026,2300,90.8,96.68000000000001,98.28,89.88,90.8,96.68000000000001,98.28,89.88,52.15,12723315.00,9.60,5.50,32.52,24.65
1201027,2300,96.67,97.08,98.76000000000001,95.0,96.67,97.08,98.76000000000001,95.0,52.75,8526150.00,3.76,5.49,56.33,35.42
1201028,2300,104.40000000000001,110.92,111.06999999999999,103.08,104.40000000000001,110.92,111.06999999999999,103.08,67.75,19288086.00,13.99,5.71,90.37,59.74
1201029,2300,108.68000000000001,103.0,110.84,99.76000000000001,108.68000000000001,103.0,110.84,99.76000000000001,56.66,11750450.00,11.16,5.85,84.02,76.91
1201030,2300,104.72,106.12,108.04000000000001,103.08,104.72,106.12,108.04000000000001,103.08,59.48,10017410.00,5.04,5.84,82.26,85.55
1201102,2300,101.31999999999999,103.76000000000001,105.2,101.0,101.31999999999999,103.76000000000001,105.2,101.0,56.49,10383983.00,5.12,5.89,72.62,79.63
1201103,2300,100.59999999999999,98.04000000000001,101.23999999999999,96.76000000000001,100.59999999999999,98.04000000000001,101.23999999999999,96.76000000000001,49.94,9736687.00,7.00,5.96,65.64,73.51
1201104,2300,94.0,89.40000000000001,94.23999999999999,88.8,94.0,89.40000000000001,94.23999999999999,88.8,42.02,16302447.00,9.24,6.06,42.43,60.23
1201105,2300,86.64,87.92,88.92,85.76000000000001,86.64,87.92,88.92,85.76000000000001,40.82,9129144.00,3.64,6.02,21.32,43.13
1201106,2300,87.2,82.08,87.28,82.04000000000001,87.2,82.08,87.28,82.04000000000001,36.42,10651898.00,5.88,5.87,5.91,23.22
1201109,2300,76.56,80.28,80.44,72.88,76.56,80.28,80.44,72.88,35.16,14982603.00,9.20,5.90,10.38,12.54
1201110,2300,78.28,77.88,81.2,77.68000000000001,78.28,77.88,81.2,77.68000000000001,33.50,8493073.00,3.52,5.85,11.80,9.36
1201111,2300,76.59999999999999,75.95999999999999,77.59999999999999,74.52,76.59999999999999,75.95999999999999,77.59999999999999,74.52,32.19,8217308.00,3.36,5.85,13.51,11.90
1201112,2300,77.11,81.31999999999999,83.0,76.28,77.11,81.31999999999999,83.0,76.28,39.33,16744129.00,7.04,5.90,14.42,13.24
1201113,2300,78.59999999999999,76.31999999999999,78.68000000000001,75.0,78.59999999999999,76.31999999999999,78.68000000000001,75.0,35.57,9478863.00,6.32,5.59,13.06,13.66
1201116,2300,74.44,74.16,77.2,74.16,74.44,74.16,77.2,74.16,34.05,8109992.00,3.04,5.21,11.49,12.99
1201117,2300,75.95999999999999,73.2,76.40000000000001,73.04000000000001,75.95999999999999,73.2,76.40000000000001,73.04000000000001,33.37,8178304.00,3.36,5.01,4.41,9.65
1201118,2300,72.44,75.36,76.0,71.68000000000001,72.44,75.36,76.0,71.68000000000001,36.45,9119639.00,4.32,4.94,4.69,6.86
1201119,2300,75.16,74.56,76.28,73.31999999999999,75.16,74.56,76.28,73.31999999999999,35.79,7127711.00,2.96,4.89,6.38,5.16
1201120,2300,74.48,74.40000000000001,74.72,72.95999999999999,74.48,74.40000000000001,74.72,72.95999999999999,35.65,7244093.00,1.76,4.79,9.33,6.80
1201123,2300,73.40000000000001,73.44,74.90000000000001,72.16,73.40000000000001,73.44,74.90000000000001,72.16,34.78,8152762.00,2.74,4.78,8.59,8.10
1201124,2300,71.92,72.2,73.45999999999999,71.76000000000001,71.92,72.2,73.45999999999999,71.76000000000001,33.63,8450426.00,1.70,4.75,7.21,8.38
1201125,2300,72.28,69.56,73.23999999999999,69.44,72.28,69.56,73.23999999999999,69.44,31.28,6235212.00,3.80,4.76,4.16,6.66
1201127,2300,69.0,70.04000000000001,70.55,68.40000000000001,69.0,70.04000000000001,70.55,68.40000000000001,32.21,4123682.00,2.15,4.68,4.59,5.32
1201130,2300,70.28,68.72,72.68000000000001,68.59999999999999,70.28,68.72,72.68000000000001,68.59999999999999,30.96,7111855.00,4.08,4.66,4.42,4.39
1201201,2300,68.04000000000001,69.40000000000001,69.68000000000001,67.59999999999999,68.04000000000001,69.40000000000001,69.68000000000001,67.59999999999999,32.41,9515308.00,2.08,4.52,8.43,5.81
1201202,2300,69.52,69.04000000000001,69.52,67.56,69.52,69.04000000000001,69.52,67.56,32.03,7652987.00,1.96,4.49,7.92,6.92
1201203,2300,68.2,69.68000000000001,70.26000000000001,68.0,68.2,69.68000000000001,70.26000000000001,68.0,33.53,8596836.00,2.26,4.41,12.87,9.74
1201204,2300,68.84,68.44,68.88,67.8,68.84,68.44,68.88,67.8,32.05,8656391.00,1.88,4.34,12.38,11.06
1201207,2300,69.16,68.84,69.54000000000001,68.48,69.16,68.84,69.54000000000001,68.48,33.08,7489837.00,1.10,4.28,14.46,13.23
1201208,2300,69.28,66.36,69.38,66.36,69.28,66.36,69.38,66.36,30.05,7457534.00,3.02,4.31,7.61,11.48
1201209,2300,65.64,68.8,69.40000000000001,65.12,65.64,68.8,69.40000000000001,65.12,36.23,16765700.00,4.28,4.32,16.58,12.88
1201210,2300,69.36,69.44,69.88,67.54000000000001,69.36,69.44,69.88,67.54000000000001,37.79,11551385.00,2.34,4.30,25.92,16.70
1201211,2300,71.16,72.0,73.92,70.08,71.16,72.0,73.92,70.08,43.69,14058260.00,4.48,4.32,48.44,30.31
1201214,2300,69.68000000000001,73.64,73.92,69.04000000000001,69.68000000000001,73.64,73.92,69.04000000000001,47.15,9848443.00,4.88,4.31,69.53,47.97
1201215,2300,71.95999999999999,70.23999999999999,72.8,70.16,71.95999999999999,70.23999999999999,72.8,70.16,41.46,10592185.00,3.48,4.30,74.95,64.31
1201216,2300,70.08,67.95999999999999,70.84,67.88,70.08,67.95999999999999,70.84,67.88,38.14,10421775.00,2.96,4.26,62.42,68.97
1201217,2300,68.08,67.0,68.48,66.48,68.08,67.0,68.48,66.48,36.80,9801042.00,2.00,4.22,37.27,58.21
1201218,2300,67.52,68.31999999999999,70.28,67.48,67.52,68.31999999999999,70.28,67.48,39.92,12979799.00,3.28,4.20,30.00,43.23
1201221,2300,75.12,73.76000000000001,77.88,72.23999999999999,75.12,73.76000000000001,77.88,72.23999999999999,50.72,22317767.00,9.56,4.29,45.19,37.49
1201222,2300,72.92,72.44,73.92,72.04000000000001,72.92,72.44,73.92,72.04000000000001,48.45,9096113.00,1.88,4.29,55.83,43.67
1201223,2300,70.88,69.52,71.06,68.23999999999999,70.88,69.52,71.06,68.23999999999999,43.77,8262285.00,4.20,4.31,53.19,51.40
1201224,2300,68.52,67.52,68.56,67.5,68.52,67.52,68.56,67.5,40.86,3510678.00,2.02,4.30,36.89,48.63
1201228,2300,66.52,67.28,67.36,66.23999999999999,66.52,67.28,67.36,66.23999999999999,40.51,5023795.00,1.28,4.23,23.41,37.83
1201229,2300,66.31999999999999,69.72,71.04000000000001,66.23999999999999,66.31999999999999,69.72,71.04000000000001,66.23999999999999,45.59,9087976.00,4.80,4.28,23.93,28.07
1201230,2300,69.40000000000001,67.2,69.72,66.95999999999999,69.40000000000001,67.2,69.72,66.95999999999999,41.63,6893111.00,2.76,4.24,20.78,22.70
1201231,2300,67.12,67.16,68.28,65.84,67.12,67.16,68.28,65.84,41.57,7337167.00,2.44,4.25,18.88,21.19
1210104,2300,67.08,73.0,75.2,67.0,67.08,73.0,75.2,67.0,52.60,17689956.00,8.20,4.34,26.43,22.03
1210105,2300,74.76000000000001,70.56,74.84,69.94,74.76000000000001,70.56,74.84,69.94,48.48,11652609.00,4.90,4.37,36.54,27.28
1210106,2300,69.88,70.2,72.0,66.16,69.88,70.2,72.0,66.16,47.89,18567598.00,5.84,4.43,44.96,35.98
1210107,2300,67.2,66.0,67.48,66.0,67.2,66.0,67.48,66.0,41.48,9767076.00,4.20,4.33,25.58,35.70
1210108,2300,65.59999999999999,65.40000000000001,67.76000000000001,64.92,65.59999999999999,65.40000000000001,67.76000000000001,64.92,40.65,11105987.00,2.84,4.31,13.50,28.01
1210111,2300,67.8,69.36,69.59999999999999,66.76000000000001,67.8,69.36,69.59999999999999,66.76000000000001,48.08,10320863.00,4.20,4.11,13.38,17.49
1210112,2300,67.8,67.0,69.8,66.8,67.8,67.0,69.8,66.8,44.51,8435363.00,3.00,3.95,19.34,15.41
1210113,2300,66.95999999999999,65.95999999999999,67.44,65.36,66.95999999999999,65.95999999999999,67.44,65.36,42.99,7319897.00,2.08,3.89,22.55,18.42
1210114,2300,65.40000000000001,66.72,67.08,64.56,65.40000000000001,66.72,67.08,64.56,44.48,9417713.00,2.52,3.84,16.92,19.60
1210115,2300,67.72,68.44,70.0,66.72,67.72,68.44,70.0,66.72,47.80,14437857.00,3.28,3.76,22.43,20.64
1210119,2300,66.76000000000001,66.52,67.72,66.12,66.76000000000001,66.52,67.72,66.12,44.59,10834955.00,2.32,3.62,25.06,21.47
1210120,2300,65.64,65.23999999999999,66.59999999999999,64.88,65.64,65.23999999999999,66.59999999999999,64.88,42.54,8728267.00,1.72,3.59,20.43,22.64
1210121,2300,65.28,64.72,66.31999999999999,64.59999999999999,65.28,64.72,66.31999999999999,64.59999999999999,41.70,10699435.00,1.72,3.50,8.77,18.09
1210122,2300,66.31999999999999,65.59999999999999,66.7,64.8,66.31999999999999,65.59999999999999,66.7,64.8,43.73,10742077.00,1.98,3.36,5.89,11.70
1210125,2300,66.2,68.23999999999999,71.09999999999999,65.76000000000001,66.2,68.23999999999999,71.09999999999999,65.76000000000001,49.40,18518593.00,5.50,3.40,15.46,10.04
1210126,2300,67.04000000000001,68.8,68.8,64.2,67.04000000000001,68.8,68.8,64.2,50.54,12165467.00,4.60,3.42,32.45,17.93
1210127,2300,70.68000000000001,81.0,82.23999999999999,70.56,70.68000000000001,81.0,82.23999999999999,70.56,67.64,31098585.00,13.44,3.55,69.44,39.12
1210128,2300,77.52,79.16,81.12,75.28,77.52,79.16,81.12,75.28,64.04,19174519.00,5.84,3.54,82.86,61.58
1210129,2300,81.16,84.31999999999999,87.04000000000001,76.76000000000001,81.16,84.31999999999999,87.04000000000001,76.76000000000001,69.02,30786907.00,10.28,3.69,88.05,80.12
1210201,2300,80.36,79.52,85.16,78.42,80.36,79.52,85.16,78.42,60.62,16282682.00,6.74,3.75,79.10,83.34
1210202,2300,75.64,72.76000000000001,75.84,72.0,75.64,72.76000000000001,75.84,72.0,51.17,10596638.00,7.52,3.82,64.21,77.12
1210203,2300,71.16,69.0,72.23999999999999,68.88,71.16,69.0,72.23999999999999,68.88,46.80,9367931.00,3.88,3.84,41.86,61.72
1210204,2300,67.52,66.0,67.68000000000001,66.0,67.52,66.0,67.68000000000001,66.0,43.60,7632096.00,3.00,3.86,22.12,42.73
1210205,2300,65.68000000000001,65.88,67.23999999999999,65.64,65.68000000000001,65.88,67.23999999999999,65.64,43.47,8669665.00,1.60,3.84,12.08,25.36
1210208,2300,65.52,65.31999999999999,66.52,65.31999999999999,65.52,65.31999999999999,66.52,65.31999999999999,42.84,6537724.00,1.20,3.83,6.71,13.64
1210209,2300,66.23999999999999,65.59999999999999,66.68000000000001,64.76000000000001,66.23999999999999,65.59999999999999,66.68000000000001,64.76000000000001,43.29,8565446.00,1.92,3.79,6.13,8.31
1210210,2300,65.16,66.68000000000001,68.59999999999999,65.04000000000001,65.16,66.68000000000001,68.59999999999999,65.04000000000001,45.06,16740337.00,3.56,3.82,7.30,6.71
1210211,2300,65.84,65.12,68.16,65.04000000000001,65.84,65.12,68.16,65.04000000000001,42.97,12312057.00,3.12,3.80,7.01,6.81
1210212,2300,65.72,62.96,65.72,62.84,65.72,62.96,65.72,62.84,40.19,12277726.00,2.88,3.81,5.04,6.45
1210216,2300,63.24,63.64,64.36,62.4,63.24,63.64,64.36,62.4,41.47,13395502.00,1.96,3.81,3.18,5.07
1210217,2300,64.64,62.32,65.72,62.12,64.64,62.32,65.72,62.12,39.69,13799696.00,3.60,3.84,2.11,3.44
1210218,2300,64.08,62.64,64.88,62.0,64.08,62.64,64.88,62.0,40.36,13717265.00,2.88,3.86,2.79,2.69
1210219,2300,62.08,60.4,62.26,59.68,62.08,60.4,62.26,59.68,37.25,15575108.00,2.96,3.90,2.07,2.32
1210222,2300,62.4,62.92,62.96,60.6,62.4,62.92,62.96,60.6,42.61,13786236.00,2.56,3.89,6.90,3.92
1210223,2300,63.28,60.32,66.40000000000001,60.24,63.28,60.32,66.40000000000001,60.24,38.92,23321337.00,6.16,3.93,8.49,5.82
1210224,2300,61.92,57.92,62.56,57.76,61.92,57.92,62.56,57.76,35.83,14923477.00,4.80,3.98,10.21,8.53
1210225,2300,59.2,67.16,68.8,58.2,59.2,67.16,68.8,58.2,51.71,38904226.00,10.88,4.10,29.62,16.11
1210226,2300,64.31999999999999,64.12,69.16,62.6,64.31999999999999,64.12,69.16,62.6,47.54,30340711.00,6.56,4.14,47.84,29.22
1210301,2300,60.32,59.36,60.32,58.6,60.32,59.36,60.32,58.6,41.85,13451392.00,5.52,4.18,51.30,42.92
1210302,2300,59.48,59.88,60.19,58.64,59.48,59.88,60.19,58.64,42.66,12459196.00,1.55,4.15,29.47,42.87
1210303,2300,59.44,62.44,62.6,58.92,59.44,62.44,62.6,58.92,46.59,25533560.00,3.68,4.18,24.56,35.11
1210304,2300,61.72,65.08,67.84,60.32,61.72,65.08,67.84,60.32,50.37,30643056.00,7.52,4.27,41.29,31.77
1210305,2300,62.6,60.48,66.95999999999999,60.28,62.6,60.48,66.95999999999999,60.28,44.47,25969922.00,6.68,4.21,43.04,36.30
1210308,2300,60.6,61.56,62.08,59.32,60.6,61.56,62.08,59.32,46.07,17492812.00,2.76,4.23,40.47,41.60
1210309,2300,59.84,59.08,60.12,58.36,59.84,59.08,60.12,58.36,43.00,13218506.00,3.20,4.21,22.92,35.48
1210310,2300,57.48,58.32,58.78,57.48,57.48,58.32,58.78,57.48,42.08,11413537.00,1.60,4.20,17.29,26.89
1210311,2300,57.4,56.88,57.52,56.48,57.4,56.88,57.52,56.48,40.32,10685379.00,1.84,4.21,7.16,15.79
1210312,2300,57.92,55.8,58.12,55.8,57.92,55.8,58.12,55.8,38.99,11852017.00,2.32,4.16,3.29,9.24
1210315,2300,55.64,52.64,56.06,52.44,55.64,52.64,56.06,52.44,35.34,12619490.00,3.62,4.18,1.40,3.95
1210316,2300,52.56,52.64,52.72,51.08,52.56,52.64,52.72,51.08,35.34,12806700.00,1.64,4.16,3.65,2.78
1210317,2300,53.2,50.36,53.5,50.28,53.2,50.36,53.5,50.28,32.78,16423598.00,3.22,4.06,3.43,2.83
1210318,2300,51.44,53.16,53.64,50.4,51.44,53.16,53.64,50.4,38.67,15636887.00,3.28,4.03,8.29,5.12
1210319,2300,52.84,51.08,54.24,50.8,52.84,51.08,54.24,50.8,36.14,14359382.00,3.44,3.98,6.96,6.23
1210322,2300,50.48,47.76,50.76,47.4,50.48,47.76,50.76,47.4,32.48,12056629.00,3.68,3.97,7.27,7.51
1210323,2300,48.12,50.0,50.9,47.92,48.12,50.0,50.9,47.92,37.10,15349442.00,3.14,3.98,6.43,6.89
1210324,2300,48.96,50.44,50.48,47.96,48.96,50.44,50.48,47.96,38.00,11971562.00,2.52,3.95,9.93,7.88
1210325,2300,50.76,48.92,53.2,48.64,50.76,48.92,53.2,48.64,36.08,18670083.00,4.56,3.98,13.09,9.82
1210326,2300,48.04,46.96,49.96,46.4,48.04,46.96,49.96,46.4,33.72,19741193.00,3.56,4.01,10.68,11.23
1210329,2300,48.04,48.04,49.48,47.56,48.04,48.04,49.48,47.56,36.20,15851343.00,2.52,4.01,9.12,10.96
1210330,2300,48.04,45.96,48.6,45.92,48.04,45.96,48.6,45.92,33.59,11819025.00,2.68,3.99,5.85,8.55
1210331,2300,45.52,45.6,46.6,44.76,45.52,45.6,46.6,44.76,33.15,14684523.00,1.84,3.98,6.64,7.20
1210401,2300,45.0,44.2,45.28,43.88,45.0,44.2,45.28,43.88,31.41,11995300.00,1.72,3.98,3.18,5.22
1210405,2300,42.84,43.08,43.58,42.68,42.84,43.08,43.58,42.68,30.05,13201475.00,1.52,3.98,4.20,4.68
1210406,2300,43.04,43.08,43.38,42.32,43.04,43.08,43.38,42.32,30.05,11132312.00,1.06,3.96,4.15,3.84
1210407,2300,43.08,41.96,43.22,41.76,43.08,41.96,43.22,41.76,28.61,10051651.00,1.46,3.88,3.78,4.05
1210408,2300,41.36,41.32,41.76,40.92,41.36,41.32,41.76,40.92,27.79,10664030.00,1.04,3.81,3.61,3.85
1210409,2300,41.68,41.24,41.94,40.56,41.68,41.24,41.94,40.56,27.69,11982016.00,1.38,3.57,3.33,3.57
1210412,2300,41.56,40.64,42.36,40.64,41.56,40.64,42.36,40.64,26.85,10427555.00,1.72,3.49,3.01,3.31
1210413,2300,40.68,40.36,40.84,40.0,40.68,40.36,40.84,40.0,26.45,12164103.00,0.84,3.30,2.91,3.08
1210414,2300,40.52,41.24,41.48,40.16,40.52,41.24,41.48,40.16,29.98,14927076.00,1.32,3.19,4.30,3.41
1210415,2300,40.24,39.88,40.44,39.64,40.24,39.88,40.44,39.64,27.76,13289371.00,1.60,3.07,5.01,4.07
1210416,2300,39.84,39.24,40.16,38.92,39.84,39.24,40.16,38.92,26.76,12350742.00,1.24,3.02,5.28,4.87
1210419,2300,39.56,40.68,41.8,39.4,39.56,40.68,41.8,39.4,32.65,20708539.00,2.56,3.01,7.59,5.96
1210420,2300,41.2,41.6,42.96,40.84,41.2,41.6,42.96,40.84,36.18,21666618.00,2.28,3.02,17.05,9.97
1210421,2300,41.8,39.36,42.32,39.16,41.8,39.36,42.32,39.16,31.81,13573761.00,3.16,3.06,20.57,15.07
1210422,2300,39.32,41.8,42.56,39.08,39.32,41.8,42.56,39.08,40.28,28042288.00,3.48,3.09,32.09,23.24
1210423,2300,41.37,40.17,41.58,39.28,41.37,40.17,41.58,39.28,36.97,31224547.00,2.52,3.07,29.52,27.39
1210426,2300,39.77,39.82,40.43,39.63,39.77,39.82,40.43,39.63,36.29,11530522.00,0.80,3.03,37.48,33.03
1210427,2300,39.59,39.01,40.24,38.84,39.59,39.01,40.24,38.84,34.68,13862294.00,1.40,3.00,18.01,28.34
1210428,2300,38.84,38.87,39.39,38.49,38.84,38.87,39.39,38.49,34.39,14357340.00,0.90,2.98,11.25,22.25
1210429,2300,38.15,38.57,40.17,38.0,38.15,38.57,40.17,38.0,33.76,21675843.00,2.17,2.95,8.27,12.51
1210430,2300,39.41,40.16,40.53,38.93,39.41,40.16,40.53,38.93,40.09,19492779.00,1.96,2.93,21.61,13.71
1210503,2300,39.2,38.75,39.62,38.7,39.2,38.75,39.62,38.7,36.74,15508575.00,1.46,2.90,23.39,17.76
1210504,2300,39.75,40.21,42.39,39.46,39.75,40.21,42.39,39.46,42.14,35515326.00,3.64,2.92,34.41,26.47
1210505,2300,39.5,39.19,40.12,38.48,39.5,39.19,40.12,38.48,39.59,12221560.00,1.73,2.83,27.89,28.56
1210506,2300,39.3,38.95,40.88,38.83,39.3,38.95,40.88,38.83,39.00,22085844.00,2.05,2.78,29.23,30.51
1210507,2300,38.92,36.74,39.03,36.58,38.92,36.74,39.03,36.58,33.93,18432747.00,2.45,2.61,14.11,23.74
1210510,2300,36.68,38.35,38.4,36.04,36.68,38.35,38.4,36.04,40.04,24610500.00,2.36,2.52,19.15,20.83
1210511,2300,40.53,41.21,42.15,39.3,40.53,41.21,42.15,39.3,49.06,40345102.00,3.80,2.49,39.34,24.20
1210512,2300,42.78,48.4,49.95,42.66,42.78,48.4,49.95,42.66,63.80,72180768.00,8.74,2.63,73.62,44.04
1210513,2300,45.68,43.75,45.71,42.44,45.68,43.75,45.71,42.44,53.10,43257529.00,5.96,2.68,73.50,62.15
1210514,2300,41.47,38.61,41.5,38.22,41.47,38.61,41.5,38.22,44.26,22622644.00,5.53,2.64,54.25,67.12
1210517,2300,39.37,39.87,41.41,38.65,39.37,39.87,41.41,38.65,46.61,33848061.00,2.80,2.56,33.81,53.86
1210518,2300,39.38,40.45,40.61,38.42,39.38,40.45,40.61,38.42,47.70,28261895.00,2.19,2.55,25.90,37.99
1210519,2300,43.11,42.35,46.32,42.06,43.11,42.35,46.32,42.06,51.22,64815654.00,5.87,2.60,34.87,31.53
1210520,2300,41.18,39.99,41.76,39.6,41.18,39.99,41.76,39.6,46.99,29556749.00,2.75,2.63,35.15,31.98
1210521,2300,39.33,39.48,40.02,38.85,39.33,39.48,40.02,38.85,46.10,24668228.00,1.17,2.61,32.83,34.28
1210524,2300,38.67,37.73,38.73,37.3,38.67,37.73,38.73,37.3,43.10,15660656.00,2.18,2.61,21.76,29.91
1210525,2300,37.47,37.7,38.35,37.38,37.47,37.7,38.35,37.38,43.05,18782327.00,0.97,2.56,16.27,23.62
1210526,2300,37.14,35.9,37.27,35.75,37.14,35.9,37.27,35.75,39.95,22880662.00,1.95,2.56,8.33,15.45
1210527,2300,35.5,34.16,35.52,33.93,35.5,34.16,35.52,33.93,37.17,18914360.00,1.97,2.54,4.62,9.74
1210528,2300,33.82,34.7,34.75,33.66,33.82,34.7,34.75,33.66,38.60,16925556.00,1.09,2.49,3.05,5.34
1210601,2300,33.85,35.53,35.57,33.68,33.85,35.53,35.57,33.68,40.83,19230391.00,1.89,2.46,6.46,4.71
1210602,2300,35.12,34.61,35.45,34.11,35.12,34.61,35.45,34.11,39.13,19932373.00,1.42,2.42,8.53,6.02
1210603,2300,35.68,35.25,36.18,34.72,35.68,35.25,36.18,34.72,40.97,24713646.00,1.57,2.39,10.60,8.53
1210604,2300,34.13,33.39,34.13,33.25,34.13,33.39,34.13,33.25,37.43,19783096.00,2.00,2.38,6.98,8.70
1210607,2300,33.36,32.79,33.7,32.72,33.36,32.79,33.7,32.72,36.34,14137356.00,0.98,2.31,4.58,7.39
1210608,2300,32.57,33.14,33.88,32.52,32.57,33.14,33.88,32.52,37.48,20537313.00,1.36,2.26,2.05,4.54
1210609,2300,32.81,33.68,33.91,32.76,32.81,33.68,33.91,32.76,39.30,16125710.00,1.15,2.23,5.05,3.89
1210610,2300,32.79,31.73,32.98,31.64,32.79,31.73,32.98,31.64,35.32,24325057.00,2.04,2.22,5.95,4.35
1210611,2300,31.06,30.82,31.16,30.58,31.06,30.82,31.16,30.58,33.60,19847134.00,1.15,2.21,5.78,5.59
1210614,2300,30.73,31.11,31.69,30.63,30.73,31.11,31.69,30.63,34.69,20281249.00,1.06,2.19,3.54,5.09
1210615,2300,31.25,31.79,32.03,31.1,31.25,31.79,32.03,31.1,37.28,21526244.00,0.93,2.18,8.76,6.03
1210616,2300,31.37,32.07,32.93,30.81,31.37,32.07,32.93,30.81,38.36,49202144.00,2.12,2.20,16.10,9.47
1210617,2300,32.16,31.89,32.59,30.78,32.16,31.89,32.59,30.78,37.91,31179029.00,1.81,2.21,22.41,15.76
1210618,2300,33.39,34.69,34.88,32.5,33.39,34.69,34.88,32.5,48.18,50296136.00,2.99,2.25,41.13,26.55
1210621,2300,33.45,32.54,34.48,32.04,33.45,32.54,34.48,32.04,42.38,23109905.00,2.65,2.27,43.93,35.82
1210622,2300,32.74,30.87,32.91,30.86,32.74,30.87,32.91,30.86,38.51,18504903.00,2.05,2.28,37.86,40.97
1210623,2300,30.47,30.29,30.62,29.97,30.47,30.29,30.62,29.97,37.23,15040510.00,0.90,2.28,15.95,32.58
1210624,2300,29.52,29.7,29.88,29.42,29.52,29.7,29.88,29.42,35.93,14285419.00,0.87,2.27,5.57,19.79
1210625,2300,29.56,29.15,29.9,29.15,29.56,29.15,29.9,29.15,34.72,15929347.00,0.75,2.26,3.73,8.42
1210628,2300,28.98,29.15,29.63,28.84,28.98,29.15,29.63,28.84,34.72,17050293.00,0.79,2.25,3.42,4.24
1210629,2300,28.99,29.77,29.84,28.88,28.99,29.77,29.84,28.88,37.49,14229320.00,0.96,2.22,6.96,4.70
1210630,2300,29.99,29.46,30.18,29.18,29.99,29.46,30.18,29.18,36.65,19096559.00,1.00,2.19,10.26,6.88
1210701,2300,29.15,28.98,29.42,28.9,29.15,28.98,29.42,28.9,35.33,17965375.00,0.56,2.14,9.33,8.85
1210702,2300,28.27,28.91,29.11,28.07,28.27,28.91,29.11,28.07,35.13,27157863.00,1.04,2.09,8.47,9.35
1210706,2300,28.66,29.57,30.45,28.63,28.66,29.57,30.45,28.63,38.63,25319491.00,1.82,2.08,12.61,10.14
1210707,2300,29.25,29.63,30.63,29.19,29.25,29.63,30.63,29.19,38.95,19602436.00,1.44,2.09,19.09,13.39
1210708,2300,32.24,31.55,32.47,31.03,32.24,31.55,32.47,31.03,48.30,36929442.00,2.84,2.12,32.01,21.24
1210709,2300,30.59,29.43,30.79,29.28,30.59,29.43,30.79,29.28,40.86,23347400.00,2.27,2.14,31.95,27.68
1210712,2300,29.51,29.24,29.66,29.03,29.51,29.24,29.66,29.03,40.26,14056686.00,0.63,2.11,33.28,32.41
1210713,2300,29.25,29.59,29.7,28.61,29.25,29.59,29.7,28.61,41.95,22036662.00,1.09,2.10,25.88,30.37
1210714,2300,28.89,28.91,29.96,28.65,28.89,28.91,29.96,28.65,39.61,27010285.00,1.31,2.09,25.88,28.35
1210715,2300,29.68,29.33,30.02,29.14,29.68,29.33,30.02,29.14,41.77,32807733.00,1.11,2.04,27.42,26.39
1210716,2300,28.69,30.55,30.62,28.51,28.69,30.55,30.62,28.51,47.63,26682315.00,2.11,2.05,34.70,29.33
1210719,2300,32.31,34.91,37.04,32.0,32.31,34.91,37.04,32.0,62.25,79129006.00,6.49,2.14,59.54,40.55
1210720,2300,34.64,31.97,35.23,31.53,34.64,31.97,35.23,31.53,51.76,35415616.00,3.70,2.16,59.18,51.14
1210721,2300,31.24,29.94,31.36,29.87,31.24,29.94,31.36,29.87,45.99,24337861.00,2.10,2.16,46.86,55.19
1210722,2300,30.12,30.47,30.94,29.7,30.12,30.47,30.94,29.7,47.63,24605619.00,1.24,2.11,30.36,45.47
1210723,2300,29.82,30.33,30.44,29.74,29.82,30.33,30.44,29.74,47.23,23222669.00,0.73,1.95,23.01,33.41
1210726,2300,30.69,29.85,31.06,29.85,30.69,29.85,31.06,29.85,45.78,20694192.00,1.21,1.85,21.36,24.91
1210727,2300,30.51,30.86,32.43,30.51,30.51,30.86,32.43,30.51,49.30,39801991.00,2.58,1.79,21.53,21.97
1210728,2300,30.54,29.99,31.42,29.54,30.54,29.99,31.42,29.54,46.50,30245021.00,1.88,1.77,20.20,21.03
1210729,2300,29.85,29.49,29.85,29.29,29.85,29.49,29.85,29.29,44.92,15717948.00,0.70,1.74,18.80,20.18
1210730,2300,30.55,30.21,30.6,29.52,30.55,30.21,30.6,29.52,47.67,21894119.00,1.11,1.65,16.26,18.42
1210802,2300,29.88,31.38,31.54,29.75,29.88,31.38,31.54,29.75,51.89,22800166.00,1.79,1.63,21.69,18.91
1210803,2300,30.88,29.81,31.71,29.8,30.88,29.81,31.71,29.8,46.48,28969839.00,1.91,1.65,22.94,20.29
1210804,2300,30.37,29.77,30.49,29.48,30.37,29.77,30.49,29.48,46.35,17489623.00,1.01,1.62,21.22,21.95
1210805,2300,29.5,29.05,29.54,29.01,29.5,29.05,29.54,29.01,43.92,18181607.00,0.76,1.62,10.36,18.17
1210806,2300,28.76,28.3,28.95,28.26,28.76,28.3,28.95,28.26,41.48,19026382.00,0.79,1.59,5.69,12.43
